{
    "WEIGHT_EMPTY_CELLS": 2.001017244787725,
    "WEIGHT_HOLES_PENALTY": -16.41995367837371,
    "WEIGHT_BUMPINESS": -0.5475605721040727,
    "WEIGHT_NEAR_COMPLETE": 3.1498160777186754,
    "WEIGHT_STREAK_BONUS": 20.46594839046129
}