{
    "WEIGHT_EMPTY_CELLS": 1.877892609048864,
    "WEIGHT_HOLES_PENALTY": -15.854333750921029,
    "WEIGHT_BUMPINESS": -0.5407746849232401,
    "WEIGHT_NEAR_COMPLETE": 3.1206035318220495,
    "WEIGHT_STREAK_BONUS": 21.50945529447178
}