{
    "WEIGHT_EMPTY_CELLS": 2.154692239310275,
    "WEIGHT_HOLES_PENALTY": -16.373325697958183,
    "WEIGHT_BUMPINESS": -0.5482372477804328,
    "WEIGHT_NEAR_COMPLETE": 3.0152951926703087,
    "WEIGHT_STREAK_BONUS": 18.58042138446151
}