{
    "WEIGHT_EMPTY_CELLS": 1.810671939740652,
    "WEIGHT_HOLES_PENALTY": -15.358202386600592,
    "WEIGHT_BUMPINESS": -0.5083639617664325,
    "WEIGHT_NEAR_COMPLETE": 2.9773042590582772,
    "WEIGHT_STREAK_BONUS": 18.637666534404804
}