{
    "WEIGHT_EMPTY_CELLS": 1.8084261313167072,
    "WEIGHT_HOLES_PENALTY": -14.361217102676399,
    "WEIGHT_BUMPINESS": -0.5389052025301313,
    "WEIGHT_NEAR_COMPLETE": 2.959884328138075,
    "WEIGHT_STREAK_BONUS": 20.293052360565262
}