{
    "WEIGHT_EMPTY_CELLS": 1.8280150452093067,
    "WEIGHT_HOLES_PENALTY": -16.43981133748002,
    "WEIGHT_BUMPINESS": -0.5024039866429955,
    "WEIGHT_NEAR_COMPLETE": 2.7959414745972935,
    "WEIGHT_STREAK_BONUS": 21.60686784854726
}