{
    "WEIGHT_EMPTY_CELLS": 2.001530242391807,
    "WEIGHT_HOLES_PENALTY": -13.855969363003389,
    "WEIGHT_BUMPINESS": -0.5082986329772462,
    "WEIGHT_NEAR_COMPLETE": 2.8280974066626534,
    "WEIGHT_STREAK_BONUS": 18.87583768789351
}