{
    "WEIGHT_EMPTY_CELLS": 2.1526781466470535,
    "WEIGHT_HOLES_PENALTY": -13.607112652824533,
    "WEIGHT_BUMPINESS": -0.5402112231925961,
    "WEIGHT_NEAR_COMPLETE": 2.745247027333316,
    "WEIGHT_STREAK_BONUS": 18.202624346017156
}