{
    "WEIGHT_EMPTY_CELLS": 1.993254209587128,
    "WEIGHT_HOLES_PENALTY": -15.888463542913962,
    "WEIGHT_BUMPINESS": -0.5447395878821094,
    "WEIGHT_NEAR_COMPLETE": 2.9334381624817643,
    "WEIGHT_STREAK_BONUS": 18.2671647098008
}