{
    "WEIGHT_EMPTY_CELLS": 2.1204971263988246,
    "WEIGHT_HOLES_PENALTY": -16.47820460256123,
    "WEIGHT_BUMPINESS": -0.5176193209071233,
    "WEIGHT_NEAR_COMPLETE": 2.7981488758749204,
    "WEIGHT_STREAK_BONUS": 21.577315565969116
}